{"cameraMode":{"drawMode":0,"name":"Shaded","section":"Shading Mode"},"sceneLighting":false,"audioPlay":false,"sceneViewState":{"showFog":true,"showMaterialUpdate":false,"showSkybox":false,"showFlares":true,"showImageEffects":true,"showParticleSystems":true},"in2DMode":false,"pivot":{"x":-5.960464477539063e-8,"y":0.6717382073402405,"z":0.0},"rotation":{"x":-0.1463911384344101,"y":-0.03263826668262482,"z":0.004832839127629995,"w":-0.9886764287948608},"size":3.129244089126587,"orthographic":true}