{"cameraMode":{"drawMode":0,"name":"Shaded","section":"Shading Mode"},"sceneLighting":true,"audioPlay":false,"sceneViewState":{"showFog":true,"showMaterialUpdate":false,"showSkybox":true,"showFlares":true,"showImageEffects":true,"showParticleSystems":true},"in2DMode":false,"pivot":{"x":1.1863527297973633,"y":8.033551216125489,"z":-0.5835937261581421},"rotation":{"x":-0.0059982487000525,"y":0.02399727888405323,"z":0.00014399009523913264,"w":0.9996940493583679},"size":18.94874382019043,"orthographic":true}