{"cameraMode":{"drawMode":0,"name":"Shaded","section":"Shading Mode"},"sceneLighting":false,"audioPlay":false,"sceneViewState":{"showFog":true,"showMaterialUpdate":false,"showSkybox":false,"showFlares":true,"showImageEffects":true,"showParticleSystems":true},"in2DMode":false,"pivot":{"x":5.960464477539063e-8,"y":0.0,"z":-0.00278472900390625},"rotation":{"x":0.4739670753479004,"y":0.005301091820001602,"z":-0.0028431566897779705,"w":0.8805220127105713},"size":2.857893943786621,"orthographic":true}