{"cameraMode":{"drawMode":0,"name":"Shaded","section":"Shading Mode"},"sceneLighting":true,"audioPlay":false,"sceneViewState":{"showFog":true,"showMaterialUpdate":false,"showSkybox":true,"showFlares":true,"showImageEffects":true,"showParticleSystems":true},"in2DMode":false,"pivot":{"x":-4.310365200042725,"y":-0.10059475898742676,"z":-2.329864025115967},"rotation":{"x":0.12538626790046693,"y":-0.42806312441825869,"z":0.06010521203279495,"w":0.8929880261421204},"size":14.808183670043946,"orthographic":false}