{"cameraMode":{"drawMode":0,"name":"Shaded","section":"Shading Mode"},"sceneLighting":false,"audioPlay":false,"sceneViewState":{"showFog":true,"showMaterialUpdate":false,"showSkybox":false,"showFlares":true,"showImageEffects":true,"showParticleSystems":true},"in2DMode":false,"pivot":{"x":-0.013500869274139405,"y":0.023238960653543474,"z":-0.022117143496870996},"rotation":{"x":0.24941439926624299,"y":-0.040349654853343967,"z":0.010416988283395768,"w":0.967499852180481},"size":0.30486589670181277,"orthographic":true}