{"cameraMode":{"drawMode":0,"name":"Shaded","section":"Shading Mode"},"sceneLighting":false,"audioPlay":false,"sceneViewState":{"showFog":true,"showMaterialUpdate":false,"showSkybox":false,"showFlares":true,"showImageEffects":true,"showParticleSystems":true},"in2DMode":false,"pivot":{"x":-0.03641693294048309,"y":0.24417421221733094,"z":-0.02880859375},"rotation":{"x":-0.02438368648290634,"y":0.9073257446289063,"z":-0.05313936620950699,"w":-0.416343092918396},"size":1.1986106634140015,"orthographic":true}