{"cameraMode":{"drawMode":0,"name":"Shaded","section":"Shading Mode"},"sceneLighting":false,"audioPlay":false,"sceneViewState":{"showFog":true,"showMaterialUpdate":false,"showSkybox":false,"showFlares":true,"showImageEffects":true,"showParticleSystems":true},"in2DMode":false,"pivot":{"x":-5.480592250823975,"y":1.7666367292404175,"z":-6.530020713806152},"rotation":{"x":0.005065801087766886,"y":0.923224151134491,"z":0.01217826921492815,"w":-0.384035587310791},"size":12.551088333129883,"orthographic":false}